<?xml version="1.0" encoding="UTF-8"?>
<!DOCTYPE property-groups PUBLIC "-//OpenKM//DTD Property Groups 2.0//EN"
                                 "http://www.openkm.com/dtd/property-groups-2.0.dtd">
<property-groups>
  <property-group label="Consulting" name="okg:consulting">
    <input label="Name" type="text" name="okp:consulting.name"/>
    <input label="Date" type="date" name="okp:consulting.date" />
    <checkbox label="Important" name="okp:consulting.important"/>
    <textarea label="Comment" name="okp:consulting.comment"/>
  </property-group>
  
  <property-group label="Technology" name="okg:technology">
    <select label="Type" name="okp:technology.type" type="multiple">
      <option label="Alfa" value="t1"/>
      <option label="Beta" value="t2" />
      <option label="Omega" value="t3" />
    </select>
    <select label="Language" name="okp:technology.language" type="simple">
      <option label="Java" value="java"/>
      <option label="Python" value="python"/>
      <option label="PHP" value="php" />
    </select>
    <input label="Comment" name="okp:technology.comment"/>
    <textarea label="Description" name="okp:technology.description"/>
    <input label="Link" type="link" name="okp:technology.link"/>
  </property-group>
</property-groups>
